Temparature,Humidity ,Moisture,Soil Type,Crop Type,Nitrogen,Potassium,Phosphorous,Fertilizer Name
29,52,45,Loamy,Sugarcane,12,0,36,DAP
34,65,62,Black,Cotton,7,9,30,14-35-14
33,64,50,Loamy,Wheat,41,0,0,Urea
29,58,33,Black,Oil seeds,9,7,30,14-35-14
27,54,28,Clayey,Pulses,13,0,40,DAP
31,62,48,Sandy,Maize,14,15,12,17-17-17
32,62,41,Clayey,Paddy,24,0,22,28-28
31,62,49,Black,Sugarcane,10,13,14,17-17-17
33,64,34,Clayey,Pulses,38,0,0,Urea
28,54,65,Black,Cotton,39,0,0,Urea
35,68,33,Red,Tobacco,11,0,37,DAP
28,54,37,Black,Millets,36,0,0,Urea
33,64,39,Clayey,Paddy,13,0,10,20-20
26,52,44,Sandy,Maize,23,0,20,28-28
30,60,63,Red,Cotton,9,9,29,14-35-14
32,62,30,Loamy,Sugarcane,38,0,0,Urea
29,58,40,Red,Ground Nuts,24,0,23,28-28
30,60,27,Loamy,Sugarcane,12,0,40,DAP
34,65,38,Clayey,Paddy,39,0,0,Urea
36,68,38,Sandy,Barley,7,9,30,14-35-14
26,52,48,Loamy,Wheat,23,0,19,28-28
28,54,35,Black,Millets,41,0,0,Urea
30,60,61,Loamy,Cotton,8,10,31,14-35-14
37,70,37,Clayey,Paddy,12,0,41,DAP
25,50,26,Red,Ground Nuts,15,14,11,17-17-17
27,54,30,Clayey,Pulses,13,0,13,20-20
32,62,34,Red,Tobacco,22,0,24,28-28
34,65,60,Black,Sugarcane,35,0,0,Urea
35,67,42,Sandy,Barley,10,0,35,DAP
38,70,48,Loamy,Wheat,8,8,28,14-35-14
30,60,29,Red,Ground Nuts,41,0,0,Urea
33,64,51,Sandy,Maize,5,9,29,14-35-14
34,65,31,Red,Tobacco,23,0,21,28-28
36,68,33,Black,Oil seeds,13,0,14,20-20
28,54,38,Clayey,Pulses,40,0,0,Urea
30,60,47,Sandy,Barley,12,0,42,DAP
27,53,43,Black,Millets,23,0,24,28-28
29,58,37,Sandy,Millets,8,0,15,20-20
25,50,56,Loamy,Sugarcane,11,13,15,17-17-17
32,62,34,Red,Ground Nuts,15,0,37,DAP
28,54,41,Clayey,Paddy,36,0,0,Urea
30,60,49,Loamy,Wheat,13,0,9,20-20
34,65,64,Black,Cotton,24,0,20,28-28
28,54,47,Sandy,Barley,5,18,15,10-26-26
36,68,62,Red,Cotton,15,0,40,DAP
34,65,57,Black,Sugarcane,9,0,13,20-20
25,50,40,Clayey,Pulses,6,19,16,10-26-26
31,62,32,Red,Tobacco,39,0,0,Urea
34,65,48,Loamy,Wheat,23,0,19,28-28
27,53,34,Black,Oil seeds,42,0,0,Urea
30,60,47,Sandy,Maize,22,0,21,28-28
27,53,59,Loamy,Sugarcane,10,0,15,20-20
34,65,63,Red,Cotton,14,0,38,DAP
30,60,40,Sandy,Millets,41,0,0,Urea
29,58,65,Black,Cotton,14,0,35,DAP
26,52,59,Loamy,Sugarcane,11,0,9,20-20
31,62,44,Sandy,Barley,21,0,28,28-28
35,67,28,Clayey,Pulses,8,7,31,14-35-14
29,58,30,Red,Tobacco,13,17,16,10-26-26
27,53,30,Black,Millets,35,0,0,Urea
29,58,61,Loamy,Cotton,11,0,38,DAP
30,60,26,Black,Oil seeds,8,9,30,14-35-14
34,65,45,Clayey,Paddy,6,19,21,10-26-26
36,68,41,Red,Ground Nuts,41,0,0,Urea
25,50,32,Clayey,Pulses,24,0,19,28-28
30,60,27,Red,Tobacco,4,17,17,10-26-26
38,72,51,Loamy,Wheat,39,0,0,Urea
36,60,43,Sandy,Millets,15,0,41,DAP
29,58,57,Black,Sugarcane,12,0,10,20-20
